iso3,iso,country_code,idmc_short_name,idmc_full_name,name,geographical_group,region,sub_region,centroid,boundingbox,idmc_short_name_es,idmc_short_name_fr,idmc_short_name_ar
CI-,,830,Channel Islands,Channel Islands,Channel Islands,Europe and Central Asia,,,"[60.6167942, -145.7996671]","[49.7035748, -94.5300431, 49.7165154, -94.5021319]",,,
KOR,KR,410,Korea,Republic of Korea,Modified,East Asia and Pacific,Asia,Eastern Asia,"[36.3571, 127.807]","[13.7674329, 100.5779658, 13.7675329, 100.5780658]",Corea del Sur,a,a
IRN,IR,364,Iran,Iran (Islamic Republic of),"Iran, Islamic Rep.",Middle East and North Africa,Asia,Southern Asia,"[32.5629997, 54.3032]","[59.3697906, 18.1927136, 59.3698906, 18.1928136]",Irán, Iran, إيران
MAF,,663,St. Martin (French part),Saint Martin (French Part),St. Martin (French part),Latin America and the Caribbean,Americas,Caribbean,"[18.0811, -63.0595]","[17.8963535, -63.3605643, 18.1902778, -62.7644063]",San Martín, Saint-Martin, تجمع سان مارتين
NRU,NR,520,Nauru,Republic of Nauru,Nauru,East Asia and Pacific,Oceania,Micronesia,"[-0.522778, 166.931503]","[-0.554293, 166.909570, -0.500736, 166.960553]",Nauru, Nauru, ناورو
BEN,BJ,204,Benin,Benin,Benin,Sub-Saharan Africa,Africa,Western Africa,"[9.5293472, 2.2584408]","[6.0398696, 0.776667, 12.4092447, 3.843343]",Benin, Bénin, بنين
TZA,TZ,834,Tanzania,United Republic of Tanzania,Tanzania,Sub-Saharan Africa,Africa,Eastern Africa,"[-6.2627301, 34.823101]","[8.9910664, 38.7920119, 8.991301, 38.7922193]",Tanzania, Tanzanie, تنزانيا
ABW,AW,533,Aruba,Aruba,Aruba,Latin America and the Caribbean,Americas,Caribbean,"[12.51434, -69.98565]","[12.262778, -70.2695876, 12.823, -69.661226]",Aruba, Aruba, أروبا
XKX,,,Kosovo,Kosovo,Kosovo,Europe and Central Asia,Europe,Southern Europe,"[42.5869578, 20.9021231]","[41.8577007, 20.0140589, 43.2674604, 21.7894228]",Kosovo,Kosovo,كوسوفو
AFG,AF,4,Afghanistan,Afghanistan,Afghanistan,South Asia,Asia,Southern Asia,"[33.7680065, 66.2385139]","[29.3772, 60.5176034, 38.4910682, 74.889862]",Afganistán, Afghanistan, أفغانستان
ALB,AL,8,Albania,Albania,Albania,Europe and Central Asia,Europe,Southern Europe,"[41.000028, 19.9999619]","[39.6448625, 19.1246095, 42.6610848, 21.0574335]",Albania, Albanie, ألبانيا
ASM,AS,16,American Samoa,American Samoa,American Samoa,East Asia and Pacific,Oceania,Polynesia,"[-14.30063095, -170.695974791655]","[-14.7608358, -171.2951296, -10.8449746, -167.9322899]",Samoa Americana, Samoa américaines, ساموا الأمريكية
AND,AD,20,Andorra,Andorra,Andorra,Europe and Central Asia,Europe,Southern Europe,"[42.5407167, 1.5732033]","[42.4288238, 1.4135781, 42.6559357, 1.7863837]",Andorra, Andorre, أندورا
ATG,AG,28,Antigua and Barbuda,Antigua and Barbuda,Antigua and Barbuda,Latin America and the Caribbean,Americas,Caribbean,"[17.079128, -61.8222516]","[16.7573901, -62.5536517, 17.929, -61.447857]",Antigua y Barbuda, Antigua-et-Barbuda, أنتيغوا وباربودا
ARG,AR,32,Argentina,Argentina,Argentina,Latin America and the Caribbean,Americas,South America,"[-34.9964963, -64.9672817]","[-55.1850761, -73.5600329, -21.781168, -53.6374515]",Argentina, Argentine, الأرجنتين
ARM,AM,51,Armenia,Armenia,Armenia,Europe and Central Asia,Asia,Western Asia,"[40.7696272, 44.6736646]","[38.8404775, 43.4471395, 41.300712, 46.6333087]",Armenia, Arménie, أرمينيا
AUS,AU,36,Australia,Australia,Australia,East Asia and Pacific,Oceania,Australia and New Zealand,"[-24.7761086, 134.755]","[-55.3228175, 72.2460938, -9.0882278, 168.2249543]",Australia, Australie, أستراليا
AUT,AT,40,Austria,Austria,Austria,Europe and Central Asia,Europe,Western Europe,"[47.2000338, 13.199959]","[46.3722761, 9.5307487, 49.0205305, 17.160776]",Austria, Autriche, النمسا
AZE,AZ,31,Azerbaijan,Azerbaijan,Azerbaijan,Europe and Central Asia,Asia,Western Asia,"[40.3936294, 47.7872508]","[38.3929551, 44.7633701, 41.9502947, 51.0090302]",Azerbaiyán, Azerbaïdjan, أذربيجان
BHS,BS,44,Bahamas,Bahamas,"Bahamas, The",Latin America and the Caribbean,Americas,Caribbean,"[24.7736546, -78.0000547]","[20.7059846, -80.7001941, 27.4734551, -72.4477521]",Bahamas, Bahamas, باهاماس
BHR,BH,48,Bahrain,Bahrain,Bahrain,Middle East and North Africa,Asia,Western Asia,"[26.1551249, 50.5344606]","[25.535, 50.2697989, 26.6872444, 50.9233693]",Bahréin, Bahreïn, البحرين
BGD,BD,50,Bangladesh,Bangladesh,Bangladesh,South Asia,Asia,Southern Asia,"[24.4768783, 90.2932426]","[20.3756582, 88.0075306, 26.6382534, 92.6804979]",Bangladesh, Bangladesh, بنغلاديش
BRB,BB,52,Barbados,Barbados,Barbados,Latin America and the Caribbean,Americas,Caribbean,"[13.1500331, -59.5250305]","[12.845, -59.8562115, 13.535, -59.2147175]",Barbados, Barbade, باربادوس
BLR,BY,112,Belarus,Belarus,Belarus,Europe and Central Asia,Europe,Eastern Europe,"[53.4250605, 27.6971358]","[51.2575982, 23.1783344, 56.17218, 32.7627809]",Belarús, Biélorussie, روسيا البيضاء
BEL,BE,56,Belgium,Belgium,Belgium,Europe and Central Asia,Europe,Western Europe,"[50.6407351, 4.66696]","[49.4969821, 2.3889137, 51.5516667, 6.408097]",Bélgica, Belgique, بلجيكا
BLZ,BZ,84,Belize,Belize,Belize,Latin America and the Caribbean,Americas,Central America,"[16.8259793, -88.7600927]","[15.8857286, -89.2262083, 18.496001, -87.3098494]",Belice, Belize, بليز
BMU,BM,60,Bermuda,Bermuda,Bermuda,North America,Americas,Northern America,"[32.3018217, -64.7603583]","[32.0469651, -65.1232222, 32.5913693, -64.4109842]",Bermudas, Bermudes, برمودا
BTN,BT,64,Bhutan,Bhutan,Bhutan,South Asia,Asia,Southern Asia,"[27.549511, 90.5119273]","[26.702016, 88.7464724, 28.246987, 92.1252321]",Bhután, Bhoutan, بوتان
BIH,BA,70,Bosnia and Herzegovina,Bosnia and Herzegovina,Bosnia and Herzegovina,Europe and Central Asia,Europe,Southern Europe,"[44.3053476, 17.5961467]","[42.5553114, 15.7287433, 45.2764135, 19.6237311]",Bosnia y Herzegovina, Bosnie-Herzégovine, البوسنة والهرسك
BRA,BR,76,Brazil,Brazil,Brazil,Latin America and the Caribbean,Americas,South America,"[-10.3333333, -53.2]","[-33.8689056, -73.9830625, 5.2842873, -28.6341164]",Brasil, Brésil, البرازيل
AGO,AO,24,Angola,Angola,Angola,Sub-Saharan Africa,Africa,Middle Africa,"[-11.8775768, 17.5691241]","[-18.038945, 11.4609793, -4.3880634, 24.0878856]",Angola, Angola, أنغولا
AB9,,,Abyei Area,Abyei Area,Abyei Area,Sub-Saharan Africa,Africa,Eastern Africa,"[9.6044573, 28.4334735]","[9.5644573, 28.3934735, 9.6444573, 28.4734735]",Abyei,Abyei,أبيي
BWA,BW,72,Botswana,Botswana,Botswana,Sub-Saharan Africa,Africa,Southern Africa,"[-23.1681782, 24.5928742]","[-26.9059669, 19.9986474, -17.778137, 29.375304]",Botsuana, Botswana, بوتسوانا
BRN,BN,96,Brunei,Brunei Darussalam,Brunei Darussalam,East Asia and Pacific,Asia,South-Eastern Asia,"[4.4137155, 114.5653908]","[4.002508, 114.076123, 5.1011857, 115.3635623]",Brunéi, Brunei, بروناي
BGR,BG,100,Bulgaria,Bulgaria,Bulgaria,Europe and Central Asia,Europe,Eastern Europe,"[42.6073975, 25.4856617]","[41.2353929, 22.3571459, 44.2162875, 28.8875409]",Bulgaria, Bulgarie, بلغاريا
KHM,KH,116,Cambodia,Cambodia,Cambodia,East Asia and Pacific,Asia,South-Eastern Asia,"[13.5066394, 104.869423]","[9.4752639, 102.3338282, 14.6902471, 107.6276788]",Camboya, Cambodge, كمبوديا
CAN,CA,124,Canada,Canada,Canada,North America,Americas,Northern America,"[61.0666922, -107.9917071]","[41.6765556, -141.00275, 83.3362128, -52.3231981]",Canadá, Canada, كندا
CYM,KY,136,Cayman Islands,Cayman Islands,Cayman Islands,Latin America and the Caribbean,Americas,Caribbean,"[19.5417212, -80.5667132]","[19.0620619, -81.6313748, 19.9573759, -79.5110954]",Islas Caimán, Îles Caïmans, جزر كايمان
CHL,CL,152,Chile,Chile,Chile,Latin America and the Caribbean,Americas,South America,"[-31.7613365, -71.3187697]","[-56.725, -109.6795789, -17.4983998, -66.0753474]",Chile, Chili, تشيلي
COL,CO,170,Colombia,Colombia,Colombia,Latin America and the Caribbean,Americas,South America,"[2.8894434, -73.783892]","[-4.2316872, -82.1243666, 16.0571269, -66.8511907]",Colombia, Colombie, كولومبيا
COK,,184,Cook Islands,Cook Islands,Cook Islands,East Asia and Pacific,Oceania,Polynesia,"[-16.0492781, -160.3554851]","[-22.15807, -166.0856468, -8.7168792, -157.1089329]",Islas Cook, Îles Cook, جزر كوك
CRI,CR,188,Costa Rica,Costa Rica,Costa Rica,Latin America and the Caribbean,Americas,Central America,"[10.2735633, -84.0739102]","[5.3329698, -87.2722647, 11.2195684, -82.5060208]",Costa Rica, Costa Rica, كوستاريكا
HRV,HR,191,Croatia,Croatia,Croatia,Europe and Central Asia,Europe,Southern Europe,"[45.5643442, 17.0118954]","[42.1765993, 13.2104814, 46.555029, 19.4470842]",Croacia, Croatie, كرواتيا
CUB,CU,192,Cuba,Cuba,Cuba,Latin America and the Caribbean,Americas,Caribbean,"[23.0131338, -80.8328748]","[19.6275294, -85.1679702, 23.4816972, -73.9190004]",Cuba, Cuba, كوبا
CUW,,531,Curaçao,Curaçao,Curaçao,Latin America and the Caribbean,Americas,Caribbean,"[12.21340415, -69.0408367569724]","[12.0342303, -69.1627087, 12.3928011, -68.7366375]",Curazao, Curaçao, كوراساو
CYP,CY,196,Cyprus,Cyprus,Cyprus,Europe and Central Asia,Asia,Western Asia,"[34.9823018, 33.1451285]","[27.4823018, 25.6451285, 42.4823018, 40.6451285]",Chipre, Chypre(pays), قبرص
CZE,CZ,203,Czech Republic,Czechia,Czech Republic,Europe and Central Asia,Europe,Eastern Europe,"[49.8167003, 15.4749544]","[48.5518083, 12.0905901, 51.0557036, 18.859216]",República Checa, Tchéquie, جمهورية التشيك
DNK,DK,208,Denmark,Denmark,Denmark,Europe and Central Asia,Europe,Northern Europe,"[55.670249, 10.3333283]","[54.4516667, 7.7153255, 57.9524297, 15.5530641]",Dinamarca, Danemark, الدنمارك
DMA,DM,212,Dominica,Dominica,Dominica,Latin America and the Caribbean,Americas,Caribbean,"[15.4113138, -61.3653618]","[15.0074207, -61.6869184, 15.7872222, -61.0329895]",Domínica, Dominique, دومينيكا
CHN,CN,156,China,China,China,East Asia and Pacific,Asia,Eastern Asia,"[36.5694, 103.914]","[25.0671341, -99.4612273, 25.9161824, -98.421576]",China, Chine, الصين
BOL,BO,68,Bolivia,Bolivia (Plurinational State of),Bolivia,Latin America and the Caribbean,Americas,South America,"[-16.7091, -64.6652]","[52.0892977, 4.3056407, 52.0893977, 4.3057407]",Bolivia, Bolivie, بوليفيا
DOM,DO,214,Dominican Republic,Dominican Republic,Dominican Republic,Latin America and the Caribbean,Americas,Caribbean,"[18.8952007, -70.4932022]","[50.0682434, 14.4205057, 50.0683434, 14.4206057]",República Dominicana, République dominicaine, جمهورية الدومينيكان
ECU,EC,218,Ecuador,Ecuador,Ecuador,Latin America and the Caribbean,Americas,South America,"[-1.3397668, -79.3666965]","[-5.0159314, -92.2072392, 1.8835964, -75.192504]",Ecuador, Équateur(pays), الإكوادور
SLV,SV,222,El Salvador,El Salvador,El Salvador,Latin America and the Caribbean,Americas,Central America,"[13.8000382, -88.9140683]","[12.976046, -90.1790975, 14.4510488, -87.6351394]",El Salvador, Salvador, السلفادور
EST,EE,233,Estonia,Estonia,Estonia,Europe and Central Asia,Europe,Northern Europe,"[58.7523778, 25.3319078]","[57.5093124, 21.3826069, 59.9383754, 28.2100175]",Estonia, Estonie, إستونيا
TCD,TD,148,Chad,Chad,Chad,Sub-Saharan Africa,Africa,Middle Africa,"[15.6134137, 19.0156172]","[7.44107, 13.47348, 23.4975, 24]",Chad, Tchad, تشاد
CAF,CF,140,Central African Republic,Central African Republic,Central African Republic,Sub-Saharan Africa,Africa,Middle Africa,"[7.0323598, 19.9981227]","[2.2156553, 14.4155426, 11.001389, 27.4540764]",República Centro-Africana, République centrafricaine, جمهورية أفريقيا الوسطى
GNQ,GQ,226,Equatorial Guinea,Equatorial Guinea,Equatorial Guinea,Sub-Saharan Africa,Africa,Middle Africa,"[1.613172, 10.5170357]","[-1.6732196, 5.4172943, 3.989, 11.3598628]",Guinea Ecuatorial, Guinée équatoriale, غينيا الاستوائية
CIV,CI,384,Côte d'Ivoire,Côte d'Ivoire,Côte d'Ivoire,Sub-Saharan Africa,Africa,Western Africa,"[7.9897371, -5.5679458]","[4.1621205, -8.601725, 10.740197, -2.493031]",Costa de Marfil, Côte d'Ivoire, ساحل العاج
BFA,BF,854,Burkina Faso,Burkina Faso,Burkina Faso,Sub-Saharan Africa,Africa,Western Africa,"[12.0753083, -1.6880314]","[9.4104718, -5.5132416, 15.084, 2.4089717]",Burkina Faso, Burkina Faso, بوركينا فاسو
ERI,ER,232,Eritrea,Eritrea,Eritrea,Sub-Saharan Africa,Africa,Eastern Africa,"[15.9500319, 37.9999668]","[12.3548219, 36.4333653, 18.0709917, 43.3001714]",Eritrea, Érythrée, إريتريا
ETH,ET,231,Ethiopia,Ethiopia,Ethiopia,Sub-Saharan Africa,Africa,Eastern Africa,"[10.2116702, 38.6521203]","[3.397448, 32.9975838, 14.8944684, 47.9823797]",Etiopía, Éthiopie, إثيوبيا
DJI,DJ,262,Djibouti,Djibouti,Djibouti,Middle East and North Africa,Africa,Eastern Africa,"[11.85677545, 42.7577845199437]","[10.9149547, 41.7713139, 12.7923081, 43.6579046]",Yibuti, Djibouti, جيبوتي
COM,KM,174,Comoros,Comoros,Comoros,Sub-Saharan Africa,Africa,Eastern Africa,"[-12.2045176, 44.2832964]","[-12.621, 43.025305, -11.165, 44.7451922]",Comoros, Comores(pays), جزر القمر
COG,CG,178,Congo,Congo,"Congo, Rep",Sub-Saharan Africa,Africa,Middle Africa,"[-0.7264327, 15.6419155]","[-5.149089, 11.0048205, 3.713056, 18.643611]",Congo, République du Congo, جمهورية الكونغو
CPV,CV,132,Cabo Verde,Cabo Verde,Cabo Verde,Sub-Saharan Africa,Africa,Western Africa,"[15.9424, -23.9795]","[-21.589, -46.524, -21.378, -46.203576]",Cabo Verde, Cap-Vert, الرأس الأخضر
FRO,FO,234,Faroe Islands,Faroe Islands,Faeroe Islands,Europe and Central Asia,Europe,Northern Europe,"[62.19850045, -6.81741243341217]","[61.3915553, -7.6882939, 62.3938847, -6.2565525]",Islas Faroe, Îles Féroé, جزر فارو
FJI,FJ,242,Fiji,Fiji,Fiji,East Asia and Pacific,Oceania,Melanesia,"[-18.1239696, 179.0122737]","[-21.9434274, -180, -12.2613866, 180]",Fiji, Fidji, فيجي
FIN,FI,246,Finland,Finland,Finland,Europe and Central Asia,Europe,Northern Europe,"[63.2467777, 25.9209164]","[59.4541578, 19.0832098, 70.0922939, 31.5867071]",Finlandia, Finlande, فنلندا
FRA,FR,250,France,France,France,Europe and Central Asia,Europe,Western Europe,"[46.603354, 1.8883335]","[41.2632185, -5.4534286, 51.268318, 9.8678344]",Francia, France, فرنسا
PYF,PF,258,French Polynesia,French Polynesia,French Polynesia,East Asia and Pacific,Oceania,Polynesia,"[-18.6243749, -144.6434898]","[-28.0990232, -154.9360599, -7.6592173, -134.244799]",Polinesia Francesa, Polynésie française, بولينزيا الفرنسية
GEO,GE,268,Georgia,Georgia,Georgia,Europe and Central Asia,Asia,Western Asia,"[41.6809707, 44.0287382]","[41.0552922, 39.8844803, 43.5864294, 46.7365373]",Georgia, Géorgie(pays), جورجيا
DEU,DE,276,Germany,Germany,Germany,Europe and Central Asia,Europe,Western Europe,"[51.0834196, 10.4234469]","[47.2701114, 5.8663153, 55.099161, 15.0419319]",Alemania, Allemagne, ألمانيا
GRC,GR,300,Greece,Greece,Greece,Europe and Central Asia,Europe,Southern Europe,"[38.9953683, 21.9877132]","[34.7006096, 19.2477876, 41.7488862, 29.7296986]",Grecia, Grèce, اليونان
GRL,GL,304,Greenland,Greenland,Greenland,Europe and Central Asia,Americas,Northern America,"[77.6192349, -42.8125967]","[59.515387, -74.1250416, 83.875172, -10.0288759]",Groenlandia, Groenland, جرينلاند
GRD,GD,308,Grenada,Grenada,Grenada,Latin America and the Caribbean,Americas,Caribbean,"[12.1360374, -61.6904045]","[11.786, -62.0065868, 12.5966532, -61.1732143]",Granada, Grenade(pays), غرينادا
GUM,GU,316,Guam,Guam,Guam,East Asia and Pacific,Oceania,Micronesia,"[13.444138, 144.733626445767]","[13.182335, 144.563426, 13.706179, 145.009167]",Guam, Guam, غوام
GTM,GT,320,Guatemala,Guatemala,Guatemala,Latin America and the Caribbean,Americas,Central America,"[15.6356088, -89.8988087]","[13.6345804, -92.3105242, 17.8165947, -88.1755849]",Guatemala, Guatemala, غواتيمالا
GUY,GY,328,Guyana,Guyana,Guyana,Latin America and the Caribbean,Americas,South America,"[4.88732, -58.9398798968075]","[1.1710017, -61.414905, 8.6038842, -56.4689543]",Guayana, Guyana, غيانا
HTI,HT,332,Haiti,Haiti,Haiti,Latin America and the Caribbean,Americas,Caribbean,"[19.1399952, -72.3570972]","[17.9099291, -74.6575357, 20.2181368, -71.6221297]",Haití, Haïti, هايتي
HND,HN,340,Honduras,Honduras,Honduras,Latin America and the Caribbean,Americas,Central America,"[15.0610686, -84.5978534]","[12.9808485, -89.3568207, 17.619526, -82.1729621]",Honduras, Honduras, هندوراس
HKG,HK,344,"Hong Kong, China","China, Hong Kong Special Administrative Region","Hong Kong SAR, China",East Asia and Pacific,Asia,Eastern Asia,"[22.350627, 114.1849161]","[22.1367222, 113.8171111, 22.5683333, 114.5024444]",Hong Kong, Hong Kong, هونغ كونغ
HUN,HU,348,Hungary,Hungary,Hungary,Europe and Central Asia,Europe,Eastern Europe,"[47.1817585, 19.5060937]","[45.737128, 16.1138867, 48.585257, 22.8977094]",Hungría, Hongrie, المجر
ISL,IS,352,Iceland,Iceland,Iceland,Europe and Central Asia,Europe,Northern Europe,"[64.9841821, -18.1059013]","[63.0859177, -25.0135069, 67.353, -12.8046162]",Islandia, Islande, آيسلندا
IND,IN,356,India,India,India,South Asia,Asia,Southern Asia,"[22.3511148, 78.6677428]","[6.5546079, 68.1113787, 35.6745457, 97.395561]",India, Inde, الهند
IDN,ID,360,Indonesia,Indonesia,Indonesia,East Asia and Pacific,Asia,South-Eastern Asia,"[-4.7993356, 114.5632032]","[-11.2085669, 94.7717124, 6.2744496, 141.0194444]",Indonesia, Indonésie, إندونيسيا
IRQ,IQ,368,Iraq,Iraq,Iraq,Middle East and North Africa,Asia,Western Asia,"[33.0955793, 44.1749775]","[29.0612087, 38.7936719, 37.380932, 48.8412702]",Irak, Irak, العراق
IRL,IE,372,Ireland,Ireland,Ireland,Europe and Central Asia,Europe,Northern Europe,"[52.865196, -7.9794599]","[51.222, -11.0133788, 55.636, -5.6582363]",Irlanda, Irlande (pays), أيرلندا
IMN,IM,833,Isle of Man,Isle of Man,Isle of Man,Europe and Central Asia,Europe,Northern Europe,"[54.2358167, -4.51459874569825]","[54.0539576, -4.7946845, 54.4178705, -4.3076853]",Isla de Man, Île de Man, جزيرة مان
ISR,IL,376,Israel,Israel,Israel,Middle East and North Africa,Asia,Western Asia,"[30.8760272, 35.0015196]","[29.4533796, 34.2674994, 33.3356317, 35.8950234]",Israel, Israël, إسرائيل
ITA,IT,380,Italy,Italy,Italy,Europe and Central Asia,Europe,Southern Europe,"[42.6384261, 12.674297]","[35.2889616, 6.6272658, 47.0921462, 18.7844746]",Italia, Italie, إيطاليا
JAM,JM,388,Jamaica,Jamaica,Jamaica,Latin America and the Caribbean,Americas,Caribbean,"[18.1850507, -77.3947693]","[16.5899443, -78.5782366, 18.7256394, -75.7541143]",Jamaica, Jamaïque, جامايكا
JPN,JP,392,Japan,Japan,Japan,East Asia and Pacific,Asia,Eastern Asia,"[36.5748441, 139.2394179]","[20.2145811, 122.7141754, 45.7112046, 154.205541]",Japón, Japon, اليابان
JOR,JO,400,Jordan,Jordan,Jordan,Middle East and North Africa,Asia,Western Asia,"[31.1667049, 36.941628]","[29.183401, 34.8844372, 33.3750617, 39.3012981]",Jordania, Jordanie, الأردن
KAZ,KZ,398,Kazakhstan,Kazakhstan,Kazakhstan,Europe and Central Asia,Asia,Central Asia,"[47.2286086, 65.2093197]","[40.5686476, 46.4932179, 55.4421701, 87.3156316]",Kazajstán, Kazakhstan, كازاخستان
KIR,KI,296,Kiribati,Kiribati,Kiribati,East Asia and Pacific,Oceania,Micronesia,"[0.4483283, -171.6645388]","[-7.0516717, -179.1645388, 7.9483283, -164.1645388]",Kiribati, Kiribati, كيريباتي
GMB,GM,270,Gambia,Gambia,"Gambia, The",Sub-Saharan Africa,Africa,Western Africa,"[13.470062, -15.4900464]","[13.061, -17.0288254, 13.8253137, -13.797778]",Gambia, Gambie, غامبيا
GIN,GN,324,Guinea,Guinea,Guinea,Sub-Saharan Africa,Africa,Western Africa,"[10.7226226, -10.7083587]","[7.1906045, -15.5680508, 12.67563, -7.6381993]",Guinea, Guinée, غينيا
GNB,GW,624,Guinea-Bissau,Guinea-Bissau,Guinea-Bissau,Sub-Saharan Africa,Africa,Western Africa,"[12.100035, -14.9000214]","[10.6514215, -16.894523, 12.6862384, -13.6348777]",Guinea-Bissau, Guinée-Bissau, غينيا بيساو
KEN,KE,404,Kenya,Kenya,Kenya,Sub-Saharan Africa,Africa,Eastern Africa,"[1.4419683, 38.4313975]","[-4.8995204, 33.9098987, 4.62, 41.899578]",Kenia, Kenya, كينيا
GHA,GH,288,Ghana,Ghana,Ghana,Sub-Saharan Africa,Africa,Western Africa,"[8.0300284, -1.0800271]","[4.5392525, -3.260786, 11.1748562, 1.2732942]",Ghana, Ghana, غانا
PRK,KP,408,Dem. People's Rep. Korea,Democratic People's Republic of Korea,"Korea, Dem. Rep.",East Asia and Pacific,Asia,Eastern Asia,"[40.3736611, 127.0870417]","[37.6279512, 124.0913902, 43.0089642, 130.924647]",Corea del Norte, Corée du Nord, كوريا الشمالية
KWT,KW,414,Kuwait,Kuwait,Kuwait,Middle East and North Africa,Asia,Western Asia,"[29.2733964, 47.4979476]","[28.5243622, 46.5526837, 30.1038082, 49.0046809]",Kuwait, Koweït, الكويت
KGZ,KG,417,Kyrgyzstan,Kyrgyzstan,Kyrgyz Republic,Europe and Central Asia,Asia,Central Asia,"[41.5089324, 74.724091]","[39.1728437, 69.2649523, 43.2667971, 80.2295793]",Kirguistán, Kirghizistan, قيرغيزستان
LAO,LA,418,Lao PDR,Lao People's Democratic Republic,Lao PDR,East Asia and Pacific,Asia,South-Eastern Asia,"[20.0171109, 103.378253]","[13.9096752, 100.0843247, 22.5086717, 107.6349989]",Laos, Laos, لاوس
LVA,LV,428,Latvia,Latvia,Latvia,Europe and Central Asia,Europe,Northern Europe,"[56.8406494, 24.7537645]","[55.6746505, 20.6715407, 58.0855688, 28.2414904]",Letonia, Lettonie, لاتفيا
LBN,LB,422,Lebanon,Lebanon,Lebanon,Middle East and North Africa,Asia,Western Asia,"[33.8750629, 35.843409]","[33.0479858, 34.8825667, 34.6923543, 36.625]",Líbano, Liban, لبنان
LIE,LI,438,Liechtenstein,Liechtenstein,Liechtenstein,Europe and Central Asia,Europe,Western Europe,"[47.1416307, 9.5531527]","[47.0484291, 9.4716736, 47.270581, 9.6357143]",Liechtenstein, Liechtenstein, ليختنشتاين
LTU,LT,440,Lithuania,Lithuania,Lithuania,Europe and Central Asia,Europe,Northern Europe,"[55.3500003, 23.7499997]","[53.8967893, 20.653783, 56.4504213, 26.8355198]",Lituania, Lituanie, ليتوانيا
LUX,LU,442,Luxembourg,Luxembourg,Luxembourg,Europe and Central Asia,Europe,Western Europe,"[49.8158683, 6.1296751]","[49.4478539, 5.7357006, 50.1827724, 6.5312481]",Luxemburgo, Luxembourg(pays), لوكسمبورغ
MKD,MK,807,Macedonia,The former Yugoslav Republic of Macedonia,"Macedonia, FYR",Europe and Central Asia,Europe,Southern Europe,"[41.6171214, 21.7168387]","[40.8536596, 20.4529023, 42.3735359, 23.034051]",Macedonia, République de Macédoine(pays), مقدونيا
MYS,MY,458,Malaysia,Malaysia,Malaysia,East Asia and Pacific,Asia,South-Eastern Asia,"[2.3923759, 112.8471939]","[-5.1076241, 105.3471939, 9.8923759, 120.3471939]",Malasia, Malaisie, ماليزيا
MDV,MV,462,Maldives,Maldives,Maldives,South Asia,Asia,Southern Asia,"[4.7064352, 73.3287853]","[-0.9074935, 72.3554187, 7.3106246, 73.9700962]",Maldivas, Maldives, جزر المالديف
MLT,MT,470,Malta,Malta,Malta,Middle East and North Africa,Europe,Southern Europe,"[35.8885993, 14.4476911]","[35.6029696, 13.9324226, 36.2852706, 14.8267966]",Malta, Malte, مالطا
MHL,MH,584,Marshall Islands,Marshall Islands,Marshall Islands,East Asia and Pacific,Oceania,Micronesia,"[6.9518742, 170.9985095]","[-0.5481258, 163.4985095, 14.4518742, 178.4985095]",Islas Marshall, Îles Marshall(pays), جزر مارشال
MEX,MX,484,Mexico,Mexico,Mexico,Latin America and the Caribbean,Americas,Central America,"[19.4326009, -99.1333416]","[19.2726009, -99.2933416, 19.5926009, -98.9733416]",México, Mexique, المكسيك
FSM,FM,583,Micronesia,Micronesia (Federated States of),"Micronesia, Fed. Sts.",East Asia and Pacific,Oceania,Micronesia,"[5.5600565, 150.1982846]","[0.827, 137.2234512, 10.291, 163.2364054]",Micronesia, États fédérés de Micronésie(pays), ولايات ميكرونيسيا المتحدة
MDA,MD,498,Moldova,Republic of Moldova,Moldova,Europe and Central Asia,Europe,Eastern Europe,"[47.286747, 28.5110236]","[45.4674193, 26.6162823, 48.4918695, 30.1635137]",Moldova, Moldavie, مولدوفا
MCO,MC,492,Monaco,Monaco,Monaco,Europe and Central Asia,Europe,Western Europe,"[43.7311424, 7.4197576]","[43.7247599, 7.4090279, 43.7519311, 7.4398704]",Mónaco, Monaco, موناكو
MAC,MO,446,"Macao, China","China, Macao Special Administrative Region","Macao SAR, China",East Asia and Pacific,Asia,Eastern Asia,"[-2.88027, 23.6597996]","[22.1952625, 113.5523805, 22.1961258, 113.5535285]",Macao, Macao, ماكاو
MNG,MN,496,Mongolia,Mongolia,Mongolia,East Asia and Pacific,Asia,Eastern Asia,"[46.8250388, 103.8499736]","[41.5804176, 87.73762, 52.1496, 119.931949]",Mongolia, Mongolie, منغوليا
MNE,ME,499,Montenegro,Montenegro,Montenegro,Europe and Central Asia,Europe,Southern Europe,"[42.7728491, 19.2408586]","[41.7495999, 18.4195781, 43.5585061, 20.3561641]",Montenegro, Monténégro, الجبل الأسود
MMR,MM,104,Myanmar,Myanmar,Myanmar,East Asia and Pacific,Asia,South-Eastern Asia,"[17.1750495, 95.9999652]","[9.5375, 92.1719423, 28.547835, 101.1700796]",Myanmar, Myanmar, ميانمار
NPL,NP,524,Nepal,Nepal,Nepal,South Asia,Asia,Southern Asia,"[28.1083929, 84.0917139]","[26.3477581, 80.0586226, 30.446945, 88.2015257]",Nepal, Népal, نيبال
NLD,NL,528,Netherlands,Netherlands,Netherlands,Europe and Central Asia,Europe,Western Europe,"[52.2379891, 5.53460738161551]","[11.825, -68.6255319, 53.7253321, 7.2274985]",Países Bajos, Pays-Bas, هولندا
MWI,MW,454,Malawi,Malawi,Malawi,Sub-Saharan Africa,Africa,Eastern Africa,"[-13.2687204, 33.9301963]","[-17.1295217, 32.6703616, -9.3683261, 35.9185731]",Malawi, Malawi, مالاوي
LBR,LR,430,Liberia,Liberia,Liberia,Sub-Saharan Africa,Africa,Western Africa,"[5.7499721, -9.3658524]","[4.1555907, -11.6080764, 8.5519861, -7.367323]",Liberia, Liberia, ليبيريا
MLI,ML,466,Mali,Mali,Mali,Sub-Saharan Africa,Africa,Western Africa,"[16.3700359, -2.2900239]","[10.147811, -12.2402835, 25.001084, 4.2673828]",Mali, Mali, مالي
MDG,MG,450,Madagascar,Madagascar,Madagascar,Sub-Saharan Africa,Africa,Eastern Africa,"[-18.9249604, 46.4416422]","[-25.784021, 42.9680076, -11.732889, 50.6727307]",Madagascar, Madagascar, مدغشقر
MOZ,MZ,508,Mozambique,Mozambique,Mozambique,Sub-Saharan Africa,Africa,Eastern Africa,"[-19.302233, 34.9144977]","[-26.9209427, 30.2131759, -10.3252149, 41.0545908]",Mozambique, Mozambique, موزمبيق
LSO,LS,426,Lesotho,Lesotho,Lesotho,Sub-Saharan Africa,Africa,Southern Africa,"[-29.6039267, 28.3350193]","[-30.675575, 27.0114632, -28.570615, 29.4557099]",Lesotho, Lesotho, ليسوتو
NAM,NA,516,Namibia,Namibia,Namibia,Sub-Saharan Africa,Africa,Southern Africa,"[-23.2335499, 17.3231107]","[-28.96945, 11.5280384, -16.9634855, 25.2616564]",Namibia, Namibie, ناميبيا
MAR,MA,504,Morocco,Morocco,Morocco,Middle East and North Africa,Africa,Northern Africa,"[31.1728192, -7.3366043]","[21.3365321, -17.2551456, 36.0505269, -0.998429]",Marruecos, Maroc, المغرب
MRT,MR,478,Mauritania,Mauritania,Mauritania,Sub-Saharan Africa,Africa,Western Africa,"[20.2540382, -9.2399263]","[14.7209909, -17.068081, 27.314942, -4.8333344]",Mauritania, Mauritanie, موريتانيا
MUS,MU,480,Mauritius,Mauritius,Mauritius,Sub-Saharan Africa,Africa,Eastern Africa,"[-20.2759451, 57.5703566]","[-20.725, 56.3825151, -10.138, 63.7151319]",Mauricio, Maurice(pays), موريشيوس
NCL,NC,540,New Caledonia,New Caledonia,New Caledonia,East Asia and Pacific,Oceania,Melanesia,"[-21.3019905, 165.4880773]","[-23.2217509, 157.9847541, -17.6868616, 172.3057152]",Nueva Caledonia, Nouvelle-Calédonie, كاليدونيا الجديدة
NZL,NZ,554,New Zealand,New Zealand,New Zealand,East Asia and Pacific,Oceania,Australia and New Zealand,"[-41.5000831, 172.8344077]","[-52.8213687, -179.059153, -29.0303303, 179.3643594]",Nueva Zelanda, Nouvelle-Zélande, نيوزيلندا
NIC,NI,558,Nicaragua,Nicaragua,Nicaragua,Latin America and the Caribbean,Americas,Central America,"[12.3724928, -84.8700308]","[10.7076565, -87.901532, 15.0331183, -82.6227023]",Nicaragua, Nicaragua, نيكاراغوا
MNP,MP,580,Northern Mariana Islands,Northern Mariana Islands,Northern Mariana Islands,East Asia and Pacific,Oceania,Micronesia,"[14.1490205, 145.213452483189]","[14.036565, 144.813338, 20.616556, 146.154418]",Islas Marianas del Norte, Îles Mariannes du Nord, جزر ماريانا الشمالية
NOR,NO,578,Norway,Norway,Norway,Europe and Central Asia,Europe,Northern Europe,"[64.5731537, 11.5280364395482]","[57.7590052, 4.0875274, 71.3848787, 31.7614911]",Noruega, Norvège, النرويج
OMN,OM,512,Oman,Oman,Oman,Middle East and North Africa,Asia,Western Asia,"[21.0000287, 57.0036901]","[16.4649608, 52, 26.7026737, 60.054577]",Omán, Oman, عمان
PAK,PK,586,Pakistan,Pakistan,Pakistan,South Asia,Asia,Southern Asia,"[30.3308401, 71.247499]","[23.5393916, 60.872855, 37.084107, 77.1203914]",Pakistán, Pakistan, باكستان
PLW,PW,585,Palau,Palau,Palau,East Asia and Pacific,Oceania,Micronesia,"[6.097367, 133.313631]","[2.748, 131.0685462, 8.222, 134.7714735]",Islas Palaos, Palaos, بالاو
PSE,PS,275,Palestine,State of Palestine,West Bank and Gaza,Middle East and North Africa,Asia,Western Asia,"[31.649741, 35.162072]","[31.2201289, 34.0689732, 32.5521479, 35.5734946]",Palestina, Palestine, فلسطين
PAN,PA,591,Panama,Panama,Panama,Latin America and the Caribbean,Americas,Central America,"[8.3096067, -81.3066246]","[7.0338679, -83.0517245, 9.8701757, -77.1393779]",Panamá, Panama, بنما
PNG,PG,598,Papua New Guinea,Papua New Guinea,Papua New Guinea,East Asia and Pacific,Oceania,Melanesia,"[-5.6816069, 144.2489081]","[-13.1816069, 136.7489081, 1.8183931, 151.7489081]",Papúa Nueva Guinea, Papouasie-Nouvelle-Guinée, بابوا غينيا الجديدة
PRY,PY,600,Paraguay,Paraguay,Paraguay,Latin America and the Caribbean,Americas,South America,"[-23.3165935, -58.1693445]","[-27.6063935, -62.6442036, -19.2876472, -54.258]",Paraguay, Paraguay, باراغواي
PER,PE,604,Peru,Peru,Peru,Latin America and the Caribbean,Americas,South America,"[-6.8699697, -75.0458515]","[-20.1984472, -84.6356535, -0.0392818, -68.6519906]",Perú, Pérou, بيرو
PHL,PH,608,Philippines,Philippines,Philippines,East Asia and Pacific,Asia,South-Eastern Asia,"[12.7503486, 122.7312101]","[4.2158064, 114.0952145, 21.3217806, 126.8072562]",Filipinas, Philippines, الفلبين
POL,PL,616,Poland,Poland,Poland,Europe and Central Asia,Europe,Eastern Europe,"[52.0977181, 19.0258159]","[49.0020468, 14.1229707, 55.0336963, 24.145783]",Polonia, Pologne, بولندا
PRT,PT,620,Portugal,Portugal,Portugal,Europe and Central Asia,Europe,Southern Europe,"[40.033265, -7.8896263]","[29.8288021, -31.5575303, 42.1543112, -6.1891593]",Portugal, Portugal, البرتغال
PRI,PR,630,Puerto Rico,Puerto Rico,Puerto Rico,Latin America and the Caribbean,Americas,Caribbean,"[18.22141715, -66.4132818505648]","[17.9268695, -67.271492, 18.5159789, -65.5897525]",Puerto Rico, Porto Rico, بورتوريكو
QAT,QA,634,Qatar,Qatar,Qatar,Middle East and North Africa,Asia,Western Asia,"[25.3336984, 51.2295295]","[24.4707534, 50.5675, 26.3830212, 52.638011]",Qatar, Qatar, قطر
ROU,RO,642,Romania,Romania,Romania,Europe and Central Asia,Europe,Eastern Europe,"[45.9852129, 24.6859225]","[43.618682, 20.2619773, 48.2653964, 30.0454257]",Rumanía, Roumanie, رومانيا
RUS,RU,643,Russia,Russian Federation,Russian Federation,Europe and Central Asia,Europe,Eastern Europe,"[64.6863136, 97.7453061]","[41.1858711, -180, 82.0586232, 180]",Rusia, Russie, روسيا
KNA,KN,659,St. Kitts and Nevis,Saint Kitts and Nevis,St. Kitts and Nevis,Latin America and the Caribbean,Americas,Caribbean,"[17.3462278, -62.7687277]","[16.895, -63.051129, 17.6158146, -62.3303519]",San Cristóbal y Nieves, Saint-Christophe-et-Niévès, سانت كيتس ونيفيس
LCA,LC,662,St. Lucia,Saint Lucia,St. Lucia,Latin America and the Caribbean,Americas,Caribbean,"[13.8250489, -60.975036]","[13.508, -61.2853867, 14.2725, -60.6669363]",Santa Lucía, Sainte-Lucie, سانت لوسيا
VCT,VC,670,St. Vincent and the Grenadines,Saint Vincent and the Grenadines,St. Vincent and the Grenadines,Latin America and the Caribbean,Americas,Caribbean,"[12.90447, -61.2765569]","[12.5166548, -61.6657471, 13.583, -60.9094146]",San Vicente y las Granadinas, Saint-Vincent-et-les-Grenadines, سانت فينسنت والغرينادين
WSM,WS,882,Samoa,Samoa,Samoa,East Asia and Pacific,Oceania,Polynesia,"[-13.7693895, -172.1200508]","[-14.2770916, -173.0091864, -13.2381892, -171.1929229]",Samoa, Samoa, ساموا
SMR,SM,674,San Marino,San Marino,San Marino,Europe and Central Asia,Europe,Southern Europe,"[43.9458623, 12.458306]","[43.8937002, 12.4033246, 43.992093, 12.5160665]",San Marino, Saint-Marin, سان مارينو
SAU,SA,682,Saudi Arabia,Saudi Arabia,Saudi Arabia,Middle East and North Africa,Asia,Western Asia,"[25.6242618, 42.3528328]","[16.29, 34.4970153, 32.1543377, 55.6666985]",Arabia Saudita, Arabie saoudite, السعودية
SRB,RS,688,Serbia,Serbia,Serbia,Europe and Central Asia,Europe,Southern Europe,"[44.1534121, 20.55144]","[42.2322435, 18.8142875, 46.1900524, 23.006309]",Serbia y Montenegro, Serbie, صربيا
SGP,SG,702,Singapore,Singapore,Singapore,East Asia and Pacific,Asia,South-Eastern Asia,"[1.2904753, 103.8520359]","[1.1304753, 103.6920359, 1.4504753, 104.0120359]",Singapur, Singapour, سنغافورة
SEN,SN,686,Senegal,Senegal,Senegal,Sub-Saharan Africa,Africa,Western Africa,"[14.4750607, -14.4529612]","[12.2372838, -17.7862419, 16.6919712, -11.3458996]",Senegal, Sénégal, السنغال
RWA,RW,646,Rwanda,Rwanda,Rwanda,Sub-Saharan Africa,Africa,Eastern Africa,"[-1.9646631, 30.0644358]","[-2.8389804, 28.8617546, -1.0474083, 30.8990738]",Ruanda, Rwanda, رواندا
SYC,SC,690,Seychelles,Seychelles,Seychelles,Sub-Saharan Africa,Africa,Eastern Africa,"[-4.6574977, 55.4540146]","[-10.4649258, 45.9988759, -3.512, 56.4979396]",Seychelles, Seychelles, سيشل
NGA,NG,566,Nigeria,Nigeria,Nigeria,Sub-Saharan Africa,Africa,Western Africa,"[9.6000359, 7.9999721]","[4.0690959, 2.676932, 13.885645, 14.678014]",Nigeria, Nigeria, نيجيريا
SLE,SL,694,Sierra Leone,Sierra Leone,Sierra Leone,Sub-Saharan Africa,Africa,Western Africa,"[8.6400349, -11.8400269]","[6.755, -13.5003389, 9.999973, -10.271683]",Sierra Leona, Sierra Leone, سيراليون
SVK,SK,703,Slovakia,Slovakia,Slovak Republic,Europe and Central Asia,Europe,Eastern Europe,"[48.7411522, 19.4528646]","[47.7314286, 16.8331891, 49.6138162, 22.56571]",Eslovaquia, Slovaquie, سلوفاكيا
SVN,SI,705,Slovenia,Slovenia,Slovenia,Europe and Central Asia,Europe,Southern Europe,"[45.8133113, 14.4808369]","[45.4214242, 13.3754696, 46.8766816, 16.5967702]",Eslovenia, Slovénie, سلوفينيا
SLB,SB,90,Solomon Islands,Solomon Islands,Solomon Islands,East Asia and Pacific,Oceania,Melanesia,"[-9.7354344, 162.8288542]","[-13.2424298, 155.3190556, -4.81085, 170.3964667]",Islas Solomón, Salomon, جزر سليمان
ESP,ES,724,Spain,Spain,Spain,Europe and Central Asia,Europe,Southern Europe,"[40.0028028, -4.003104]","[27.4335426, -18.3936845, 43.9933088, 4.5918885]",España, Espagne, إسبانيا
LKA,LK,144,Sri Lanka,Sri Lanka,Sri Lanka,South Asia,Asia,Southern Asia,"[7.878, 80.7038245875]","[5.719, 79.3959205, 10.035, 82.0810141]",Sri Lanka, Sri Lanka, سريلانكا
SUR,SR,740,Suriname,Suriname,Suriname,Latin America and the Caribbean,Americas,South America,"[4.1413025, -56.0771187]","[1.8312802, -58.070833, 6.225, -53.8433358]",Surinam, Suriname, سورينام
SWE,SE,752,Sweden,Sweden,Sweden,Europe and Central Asia,Europe,Northern Europe,"[59.6749712, 14.5208584]","[55.1331192, 10.5930952, 69.0599699, 24.1776819]",Suecia, Suède, السويد
CHE,CH,756,Switzerland,Switzerland,Switzerland,Europe and Central Asia,Europe,Western Europe,"[46.7985624, 8.2319736]","[45.817995, 5.9559113, 47.8084648, 10.4922941]",Suiza, Suisse, سويسرا
SYR,SY,760,Syria,Syrian Arab Republic,Syrian Arab Republic,Middle East and North Africa,Asia,Western Asia,"[34.6401861, 39.0494106]","[27.1401861, 31.5494106, 42.1401861, 46.5494106]",Siria, Syrie, سوريا
TWN,TW,158,"Taiwan, China",Taiwan (Province of China),"Taiwan, China",East Asia and Pacific,Asia,Eastern Asia,"[25.12525115, 121.737633279954]","[25.1249353, 121.7372907, 25.1256941, 121.7380194]",Taiwán, Taïwan / (République de Chine (Taïwan)), تايوان
TJK,TJ,762,Tajikistan,Tajikistan,Tajikistan,Europe and Central Asia,Asia,Central Asia,"[38.6281733, 70.8156541]","[36.6711153, 67.3332775, 41.0450935, 75.1539563]",Tayikistán, Tadjikistan, طاجيكستان
THA,TH,764,Thailand,Thailand,Thailand,East Asia and Pacific,Asia,South-Eastern Asia,"[14.8971921, 100.83273]","[5.612851, 97.3438072, 20.4648337, 105.636812]",Tailandia, Thaïlande, تايلاند
TLS,TL,626,Timor-Leste,Timor-Leste,Timor-Leste,East Asia and Pacific,Asia,South-Eastern Asia,"[-8.5151979, 125.8375756]","[-9.5642775, 124.0415703, -8.0895459, 127.5335392]",Timor-Leste, Timor oriental, تيمور الشرقية
TON,TO,776,Tonga,Tonga,Tonga,East Asia and Pacific,Oceania,Polynesia,"[-19.9160819, -175.2026424]","[-24.1034499, -179.3866055, -15.3655722, -173.5295458]",Tonga, Tonga, تونغا
TTO,TT,780,Trinidad and Tobago,Trinidad and Tobago,Trinidad and Tobago,Latin America and the Caribbean,Americas,Caribbean,"[10.8677845, -60.9821067]","[9.8732106, -62.083056, 11.5628372, -60.2895848]",Trinidad y Tobago, Trinité-et-Tobago, ترينيداد وتوباغو
TUR,TR,792,Turkey,Turkey,Turkey,Europe and Central Asia,Asia,Western Asia,"[38.9597594, 34.9249653]","[35.8076804, 25.6212891, 42.297, 44.8176638]",Turquía, Turquie, تركيا
TKM,TM,795,Turkmenistan,Turkmenistan,Turkmenistan,Europe and Central Asia,Asia,Central Asia,"[39.3763807, 59.3924609]","[35.129093, 52.335076, 42.7975571, 66.684303]",Turkmenistán, Turkménistan, تركمانستان
TCA,TC,796,Turks and Caicos Islands,Turks and Caicos Islands,Turks and Caicos Islands,Latin America and the Caribbean,Americas,Caribbean,"[21.7214683, -71.6201783]","[20.9553418, -72.6799046, 22.1630989, -70.8643591]",Islas Turcas y Caicos, Îles Turques-et-Caïques, جزر توركس وكايكوس
SXM,,534,Sint Maarten (Dutch part),Sint Maarten (Dutch part),Sint Maarten (Dutch part),Latin America and the Caribbean,Americas,Caribbean,"[18.0397, -63.0631]","[17.806209, -63.2677941, 18.0639862, -62.949445]",San Martín, Saint-Martin, سينت مارتن
TUV,TV,798,Tuvalu,Tuvalu,Tuvalu,East Asia and Pacific,Oceania,Polynesia,"[-7.768959, 178.1167698]","[-10.9939389, -180, -5.4369611, 180]",Tuvalu, Tuvalu, توفالو
UKR,UA,804,Ukraine,Ukraine,Ukraine,Europe and Central Asia,Europe,Eastern Europe,"[49.4871968, 31.2718321]","[44.184598, 22.137059, 52.3791473, 40.2341581]",Ucrania, Ukraine, أوكرانيا
ARE,AE,784,United Arab Emirates,United Arab Emirates,United Arab Emirates,Middle East and North Africa,Asia,Western Asia,"[24.0002488, 53.9994829]","[22.6316214, 51.4160714, 26.1517219, 56.6024458]",Emiratos Árabes Unidos, Émirats arabes unis, الإمارات العربية المتحدة
USA,US,840,United States,United States of America,United States,North America,Americas,Northern America,"[39.7837304, -100.4458825]","[-14.7608358, -180, 71.6048217, 180]",Estados Unidos de América, États-Unis, الولايات المتحدة
URY,UY,858,Uruguay,Uruguay,Uruguay,Latin America and the Caribbean,Americas,South America,"[-32.8755548, -56.0201525]","[-35.7824481, -58.4948438, -30.0853962, -53.0755833]",Uruguay, Uruguay, الأوروغواي
UZB,UZ,860,Uzbekistan,Uzbekistan,Uzbekistan,Europe and Central Asia,Asia,Central Asia,"[41.32373, 63.9528098]","[37.1772144, 55.9977865, 45.590118, 73.1397362]",Uzbekistán, Ouzbékistan, أوزبكستان
VUT,VU,548,Vanuatu,Vanuatu,Vanuatu,East Asia and Pacific,Oceania,Melanesia,"[-16.5255069, 168.1069154]","[-20.4627425, 166.3355255, -12.8713777, 170.449982]",Vanuatu, Vanuatu, فانواتو
VIR,VI,850,Virgin Islands,United States Virgin Islands,Virgin Islands (U.S.),Latin America and the Caribbean,Americas,Caribbean,"[17.789187, -64.7080574]","[17.623468, -65.159094, 18.464984, -64.512674]",Islas Vírgenes de los Estados Unidos de América, Îles Vierges des États-Unis, جزر العذراء الأمريكية
ZAF,ZA,710,South Africa,South Africa,South Africa,Sub-Saharan Africa,Africa,Southern Africa,"[25.21310805, 55.1832747836683]","[25.2120092, 55.1820086, 25.2141825, 55.1845457]",Sudáfrica, Afrique du Sud, جنوب أفريقيا
TUN,TN,788,Tunisia,Tunisia,Tunisia,Middle East and North Africa,Africa,Northern Africa,"[33.8439408, 9.400138]","[30.230236, 7.5219807, 37.7612052, 11.8801133]",Túnez, Tunisie, تونس
TGO,TG,768,Togo,Togo,Togo,Sub-Saharan Africa,Africa,Western Africa,"[8.7800265, 1.0199765]","[5.926547, -0.1439719, 11.139497, 1.8087605]",Togo, Togo, توغو
SOM,SO,706,Somalia,Somalia,Somalia,Sub-Saharan Africa,Africa,Eastern Africa,"[8.3676771, 49.083416]","[-1.8031969, 40.98918, 12.1889121, 51.6177696]",Somalia, Somalie, الصومال
UGA,UG,800,Uganda,Uganda,Uganda,Sub-Saharan Africa,Africa,Eastern Africa,"[1.5333554, 32.2166578]","[-1.4823179, 29.573433, 4.2340766, 35.000308]",Uganda, Ouganda, أوغندا
SWZ,SZ,748,Swaziland,Swaziland,Swaziland,Sub-Saharan Africa,Africa,Southern Africa,"[-26.5624806, 31.3991317]","[-27.3175201, 30.7908, -25.71876, 32.1349923]",Eswatini,Eswatini, سوازيلاند
YEM,YE,887,Yemen,Yemen,"Yemen, Rep.",Middle East and North Africa,Asia,Western Asia,"[16.3471243, 47.8915271]","[11.9084802, 41.60825, 19, 54.7389375]",Yemen, Yémen, اليمن
AIA,AI,660,Anguilla,Anguilla,Anguilla,Latin America and the Caribbean,Americas,Caribbean,"[18.1954947, -63.0750234]","[18.0615454, -63.6391992, 18.7951194, -62.7125449]",Anguila, Anguilla, أنغويلا
VGB,VG,92,British Virgin Islands,British Virgin Islands,Virgin Islands (British),Latin America and the Caribbean,Americas,Caribbean,"[18.4024395, -64.5661642]","[18.1055311, -64.9559611, 18.9503802, -64.0597294]",Islas Vírgenes Británicas, Îles Vierges britanniques, جزر العذراء البريطانية
VNM,VN,704,Viet Nam,Viet Nam,Vietnam,East Asia and Pacific,Asia,South-Eastern Asia,"[13.2904027, 108.4265113]","[8.1790665, 102.14441, 23.393395, 114.3337595]",Vietnam, Viêt Nam, فيتنام
GBR,GB,826,United Kingdom,United Kingdom of Great Britain and Northern Ireland,United Kingdom,Europe and Central Asia,Europe,Northern Europe,"[54.1389, -2.87016]","[49.607807, 6.1325597, 49.607907, 6.1326597]",Reino Unido, Royaume-Uni, المملكة المتحدة
VEN,VE,862,Venezuela,Venezuela (Bolivarian Republic of),"Venezuela, RB",Latin America and the Caribbean,Americas,South America,"[7.12479, -66.1536]","[52.094039, 4.2829406, 52.094139, 4.2830406]",Venezuela, Venezuela, فنزويلا
LBY,LY,434,Libya,Libya,Libya,Middle East and North Africa,Africa,Northern Africa,"[26.8234472, 18.1236723]","[19.5008138, 9.391081, 33.3545898, 25.3770629]",Libia, Libye, ليبيا
CMR,CM,120,Cameroon,Cameroon,Cameroon,Sub-Saharan Africa,Africa,Middle Africa,"[4.6125522, 13.1535811]","[1.6546659, 8.3822176, 13.083333, 16.1921476]",Camerún, Cameroun, الكاميرون
COD,CD,180,Dem. Rep. Congo,Democratic Republic of the Congo,"Congo, Dem. Rep.",Sub-Saharan Africa,Africa,Middle Africa,"[-2.88027, 23.6598]","[50.0911985, 14.4310592, 50.0912985, 14.4311592]",República Democrática del Congo, République démocratique du Congo, جمهورية الكونغو الديمقراطية
GAB,GA,266,Gabon,Gabon,Gabon,Sub-Saharan Africa,Africa,Middle Africa,"[-0.8999695, 11.6899699]","[-4.1012261, 8.5002246, 2.3182171, 14.539444]",Gabón, Gabon, الغابون
BDI,BI,108,Burundi,Burundi,Burundi,Sub-Saharan Africa,Africa,Eastern Africa,"[-3.3634357, 29.8870575]","[-4.4693155, 29.0007401, -2.3096796, 30.8498462]",Burundi, Burundi, بوروندي
NER,NE,562,Niger,Niger,Niger,Sub-Saharan Africa,Africa,Western Africa,"[17.7356214, 9.3238432]","[11.693756, 0.1689653, 23.517178, 15.996667]",Níger, Niger, النيجر
SDN,SD,729,Sudan,Sudan,Sudan,Sub-Saharan Africa,Africa,Northern Africa,"[14.5844444, 29.4917691]","[8.685278, 21.8145046, 22.224918, 39.0576252]",Sudán, Soudan, السودان
EGY,EG,818,Egypt,Egypt,"Egypt, Arab Rep.",Middle East and North Africa,Africa,Northern Africa,"[26.2540493, 29.2675469]","[21.9999975, 24.6499112, 31.8330854, 37.1153517]",Egipto, Égypte, مصر
DZA,DZ,12,Algeria,Algeria,Algeria,Middle East and North Africa,Africa,Northern Africa,"[28.0000272, 2.9999825]","[18.968147, -8.668908, 37.2962055, 11.997337]",Argel, Algérie, الجزائر
STP,ST,678,São Tomé and Principe,Sao Tome and Principe,Sao Tome and Principe,Sub-Saharan Africa,Africa,Middle Africa,"[0.8875498, 6.9648718]","[-0.2135137, 6.260642, 1.9257601, 7.6704783]",Santo Tomé y Príncipe, Sao Tomé-et-Principe, ساو تومي وبرينسيب
ZWE,ZW,716,Zimbabwe,Zimbabwe,Zimbabwe,Sub-Saharan Africa,Africa,Eastern Africa,"[-18.4554963, 29.7468414]","[-22.4241096, 25.2373, -15.6097033, 33.0683413]",Zimbabwe, Zimbabwe, زيمبابوي
SSD,SS,728,South Sudan,South Sudan,South Sudan,Sub-Saharan Africa,Africa,Eastern Africa,"[7.8699431, 29.6667897]","[3.48898, 23.447778, 12.236389, 35.948997]",Sudán del Sur, Soudan du Sud, جنوب السودان
ZMB,ZM,894,Zambia,Zambia,Zambia,Sub-Saharan Africa,Africa,Eastern Africa,"[-14.5186239, 27.5599164]","[-18.0766965, 21.9993509, -8.2712822, 33.7025]",Zambia, Zambie, زامبيا
